Workbook

Sheet Sheet3
A1: 지출월 | B1: (다중 항목)
A3: 합계 : 지출금액 | B3: 열 레이블
A4: 행 레이블 | B4: 1주차 | C4: 2주차 | D4: 3주차 | E4: (비어 있음) | F4: 4주차 | G4: 5주차 | H4: 총합계
A5: 기타 | B5: 12376.247 | C5: 126.8 | D5: 95 | G5: 425.6 | H5: 13023.647
A6: 기타 잡비 | B6: 52 | G6: 25.6 | H6: 77.6
A7: 교회행사(야외교제등) | B7: 1751.98 | C7: 76.8 | D7: 35 | H7: 1863.78
A8: 동계 관련 비용 | B8: 6276.734 | H8: 6276.734
A9: 회별, 부서별 반환금 | B9: 1235.973 | H9: 1235.973
A10: 교회 전체 임원 수련회 및 모임 관련 비용 | B10: 2860.76 | C10: 50 | H10: 2910.76
A11: 이체 오류 | B11: 198.8 | H11: 198.8
A12: 은장회 관련 비용 | D12: 60 | H12: 60
A13: 아르헨티나 심방여비(담임목사내외분) | G13: 400 | H13: 400
A14: 기타수입
A15: 1월 2주차 이체 헌금
A16: 동계수련회 헌금(1~3차)
A17: 동계수련회 식비잔액
A18: 임원수련회비 90명
A19: 임원수련회비 찬조금(8명)
A20: 총회 창원권역 동계수련회 지원비
A21: 동계수련회 현장접수비
A22: 동계수련회 매점수입(마산교회-30%)
A23: 동계수련회 기념품(머그컵)
A24: 성도교제의밤 포토존 수익금
A25: 동계수련회 포토존 수익금
... A36: 1월 5주차 헌금 (1/28) 잔돈
A37: 사무&비품 | C37: 100.85 | D37: 80 | G37: 208.52 | H37: 389.37
A38: 교회사무실 사무용품 | C38: 18.95 | G38: 30.52 | H38: 49.47
A39: 교회사무실 복사기 렌탈비 | C39: 53 | D39: 80 | G39: 120 | H39: 253
A40: 교회사무실 잡비 | C40: 28.9 | H40: 28.9
A41: 복사용지 구입비 | G41: 58 | H41: 58
A42: 선교회비 | D42: 690 | H42: 690
A43: 1월 2주차 이체 헌금
A44: 1월 2주차 헌금 (1/7)
A45: 1월 3주차 이체 헌금
A46: 1월 3주차 헌금(1/14)
A47: 선교회비 | D47: 690 | H47: 690
A48: 1월 4주차 이체 헌금
A49: 1월 4주차 헌금 (1/21)
A50: 1월 5주차 이체 헌금
A51: 1월 5주차 헌금 (1/28)
A52: 세계선교헌금 | D52: 1155 | H52: 1155
A53: 1월 2주차 이체 헌금
A54: 1월 2주차 헌금 (1/7)
A55: 1월 3주차 이체 헌금
A56: 1월 3주차 헌금 (1/14) 잔돈
A57: 세계선교헌금 | D57: 1155 | H57: 1155
A58: 1월 4주차 이체 헌금
A59: 1월 4주차 헌금 (1/21)
A60: 1월 5주차 이체 헌금
A61: 1월 5주차 헌금 (1/28)
A62: 시설&운영관리 | B62: 213.58 | C62: 186.6 | D62: 302.5 | G62: 3021.53 | H62: 3724.21
A63: 시설공사 간식 및 식사비(봉사자포함) | B63: 104.98 | G63: 27.8 | H63: 132.78
A64: 교회당 유지 관련 비품 및 소모품 | B64: 10.6 | C64: 47.3 | D64: 41.2 | G64: 80.05 | H64: 179.15
A65: 교회당 및 시설물의 잡비 | B65: 98 | C65: 60 | D65: 4 | G65: 27.5 | H65: 189.5
A66: 종량제 쓰레기봉투, 음식쓰레기 칩, 폐품처리비,하얀비닐봉투 | C66: 79.3 | G66: 26.9 | H66: 106.2
A67: 교회당 집기류 | D67: 122.3 | G67: 1995 | H67: 2117.3
A68: 난방유 구입 | D68: 135 | G68: 584 | H68: 719
A69: 시설물 점검, 검사료(전기점검 대금) | G69: 137.5 | H69: 137.5
A70: 화장실 소모품(검정비닐봉지, 화장지) | G70: 142.78 | H70: 142.78
A71: 십일조
A72: 1월 1주차 이체 헌금
A73: 1월 2주차 이체 헌금
A74: 1월 3주차 이체 헌금
A75: 1월 4주차 이체 헌금
A76: 1월 5주차 이체 헌금
A77: 십일조 외
A78: 1월 2주차 헌금 (1/7)
A79: 1월 1주차 헌금 (1/7일 잔돈)
A80: 1월 3주차 헌금(1/14)
A81: 1월 3주차 헌금 (1/14) 잔돈
A82: 1월 4주차 헌금 (1/21)
... A85: 1월 5주차 헌금 (1/28) 잔돈
A86: 운영비 | B86: 311 | C86: 3284.4 | D86: 2481.7 | G86: 460 | H86: 6537.1
A87: 전무자(관리인) 월급 및 상여금 | C87: 2169 | H87: 2169
A88: 전무자(사무실) 월급 및 상여금 | C88: 953 | H88: 953
A89: 직원 식대비 (점심)/ | B89: 257 | C89: 133.6 | D89: 181.7 | G89: 427.5 | H89: 999.8
A90: 전도인 상비품 | B90: 54 | C90: 28.8 | G90: 32.5 | H90: 115.3
A91: 전도인전도비 | D91: 2300 | H91: 2300
A92: 주일헌금
A93: 1월 2주차 이체 헌금
A94: 1월 3주차 이체 헌금
A95: 1월 4주차 이체 헌금
A96: 1월 5주차 이체 헌금
A97: 차량유지비 | B97: 1289.98 | C97: 439.181 | D97: 538.129 | F97: 743.08 | G97: 1396 | H97: 4406.37
A98: 4137 주유비 | C98: 97.881 | D98: 97 | G98: 96 | H98: 290.881
A99: 차량 기타비용 | C99: 56 | D99: 303.129 | H99: 359.129
A100: 2614 주유비 | C100: 107 | H100: 107
A101: 4137 정비, 검사 및 수리비 | C101: 5 | G101: 660 | H101: 665
A102: 2614, 4137 보험료 | B102: 1289.98 | H102: 1289.98
A103: 2614 정비, 검사 및 수리비 | C103: 123.3 | D103: 80 | H103: 203.3
A104: 2614, 4137 하이패스 충전료 | C104: 50 | H104: 50
A105: 1402 정비 및 수리비 | D105: 58 | G105: 640 | H105: 698
A106: 1402, 6401 자동차세, 보험료 | F106: 743.08 | H106: 743.08
A107: #N/A
A108: (비어 있음)
A109: (비어 있음)
A110: 후원교회헌금
A111: 1월 1주차 이체 헌금
A112: 1월 2주차 이체 헌금
A113: 1월 3주차 이체 헌금
...

Sheet 통합계정
A1: 2026년 통합계정 장부(일반,후원회비,사랑, 선교)
J2: 단위 : 천원
A3: 지출월 | B3: 주차 | C3: 입금전표& 지출 결의 번호 | D3: 계정코드 | E3: 대분류 계정 항목 | F3: 적요 | G3: 수입금액 | H3: 지출금액 | I3: 수령자 | J3: 비고 | K3: 통합계좌 잔액
A4: 3월 | B4: 1주차 | E4: =VLOOKUP($D4,[1]계정코드!$A$5:$F$270,2,FALSE) -> #N/A | F4: =VLOOKUP($D4,[1]계정코드!$A$5:$F$270,4,FALSE) -> #N/A | K4: =#REF!+G4-H4 -> #REF!
A5: 3월 | B5: 1주차 | E5: =VLOOKUP($D5,[1]계정코드!$A$5:$F$270,2,FALSE) -> #N/A | F5: =VLOOKUP($D5,[1]계정코드!$A$5:$F$270,4,FALSE) -> #N/A | K5: =K4+G5-H5 -> #REF!
A6: 3월 | B6: 1주차 | E6: =VLOOKUP($D6,[1]계정코드!$A$5:$F$270,2,FALSE) -> #N/A | F6: =VLOOKUP($D6,[1]계정코드!$A$5:$F$270,4,FALSE) -> #N/A | K6: =K5+G6-H6 -> #REF!
A7: 3월 | B7: 1주차 | E7: =VLOOKUP($D7,[1]계정코드!$A$5:$F$270,2,FALSE) -> #N/A | F7: =VLOOKUP($D7,[1]계정코드!$A$5:$F$270,4,FALSE) -> #N/A | K7: =K6+G7-H7 -> #REF!
A8: 3월 | B8: 1주차 | E8: =VLOOKUP($D8,[1]계정코드!$A$5:$F$270,2,FALSE) -> #N/A | F8: =VLOOKUP($D8,[1]계정코드!$A$5:$F$270,4,FALSE) -> #N/A | K8: =K7+G8-H8 -> #REF!
A9: 3월 | B9: 1주차 | E9: =VLOOKUP($D9,[1]계정코드!$A$5:$F$270,2,FALSE) -> #N/A | F9: =VLOOKUP($D9,[1]계정코드!$A$5:$F$270,4,FALSE) -> #N/A | K9: =K8+G9-H9 -> #REF!
A10: 3월 | B10: 1주차 | E10: =VLOOKUP($D10,[1]계정코드!$A$5:$F$270,2,FALSE) -> #N/A | F10: =VLOOKUP($D10,[1]계정코드!$A$5:$F$270,4,FALSE) -> #N/A | K10: =K9+G10-H10 -> #REF!
A11: 3월 | B11: 1주차 | E11: =VLOOKUP($D11,[1]계정코드!$A$5:$F$270,2,FALSE) -> #N/A | F11: =VLOOKUP($D11,[1]계정코드!$A$5:$F$270,4,FALSE) -> #N/A | K11: =K10+G11-H11 -> #REF!
E12: =VLOOKUP($D12,[1]계정코드!$A$5:$F$270,2,FALSE) -> #N/A | F12: =VLOOKUP($D12,[1]계정코드!$A$5:$F$270,4,FALSE) -> #N/A | K12: =K11+G12-H12 -> #REF!
E13: =VLOOKUP($D13,[1]계정코드!$A$5:$F$270,2,FALSE) -> #N/A | F13: =VLOOKUP($D13,[1]계정코드!$A$5:$F$270,4,FALSE) -> #N/A | K13: =K12+G13-H13 -> #REF!
E14: =VLOOKUP($D14,[1]계정코드!$A$5:$F$270,2,FALSE) -> #N/A | F14: =VLOOKUP($D14,[1]계정코드!$A$5:$F$270,4,FALSE) -> #N/A | K14: =K13+G14-H14 -> #REF!
E15: =VLOOKUP($D15,[1]계정코드!$A$5:$F$270,2,FALSE) -> #N/A | F15: =VLOOKUP($D15,[1]계정코드!$A$5:$F$270,4,FALSE) -> #N/A | K15: =K14+G15-H15 -> #REF!
E16: =VLOOKUP($D16,[1]계정코드!$A$5:$F$270,2,FALSE) -> #N/A | F16: =VLOOKUP($D16,[1]계정코드!$A$5:$F$270,4,FALSE) -> #N/A | K16: =K15+G16-H16 -> #REF!
E17: =VLOOKUP($D17,[1]계정코드!$A$5:$F$270,2,FALSE) -> #N/A | F17: =VLOOKUP($D17,[1]계정코드!$A$5:$F$270,4,FALSE) -> #N/A | K17: =K16+G17-H17 -> #REF!
E18: =VLOOKUP($D18,[1]계정코드!$A$5:$F$270,2,FALSE) -> #N/A | F18: =VLOOKUP($D18,[1]계정코드!$A$5:$F$270,4,FALSE) -> #N/A | K18: =K17+G18-H18 -> #REF!
E19: =VLOOKUP($D19,[1]계정코드!$A$5:$F$270,2,FALSE) -> #N/A | F19: =VLOOKUP($D19,[1]계정코드!$A$5:$F$270,4,FALSE) -> #N/A | K19: =K18+G19-H19 -> #REF!
E20: =VLOOKUP($D20,[1]계정코드!$A$5:$F$270,2,FALSE) -> #N/A | F20: =VLOOKUP($D20,[1]계정코드!$A$5:$F$270,4,FALSE) -> #N/A | K20: =K19+G20-H20 -> #REF!
E21: =VLOOKUP($D21,[1]계정코드!$A$5:$F$270,2,FALSE) -> #N/A | F21: =VLOOKUP($D21,[1]계정코드!$A$5:$F$270,4,FALSE) -> #N/A | K21: =K20+G21-H21 -> #REF!
E22: =VLOOKUP($D22,[1]계정코드!$A$5:$F$270,2,FALSE) -> #N/A | F22: =VLOOKUP($D22,[1]계정코드!$A$5:$F$270,4,FALSE) -> #N/A | K22: =K21+G22-H22 -> #REF!
E23: =VLOOKUP($D23,[1]계정코드!$A$5:$F$270,2,FALSE) -> #N/A | F23: =VLOOKUP($D23,[1]계정코드!$A$5:$F$270,4,FALSE) -> #N/A | K23: =K22+G23-H23 -> #REF!
... E27: =VLOOKUP($D27,[1]계정코드!$A$5:$F$270,2,FALSE) -> #N/A | F27: =VLOOKUP($D27,[1]계정코드!$A$5:$F$270,4,FALSE) -> #N/A | K27: =K26+G27-H27 -> #REF!

Sheet 일반계정
A1: 2026년 일반계정 장부
J2: 단위 : 천원
A3: 지출월 | B3: 주차 | C3: 입금전표& 지출 결의 번호 | D3: 계정코드 | E3: 대분류 계정 항목 | F3: 적요 | G3: 수입금액 | H3: 지출금액 | I3: 수령자 | J3: 비고 | K3: 일반계정잔액 | L3: 구 계좌 잔액
A4: 3월 | B4: 1주차 | K4: =#REF!+G4-H4 -> #REF!
A5: 3월 | B5: 1주차 | K5: =K4+G5-H5 -> #REF!
A6: 3월 | B6: 1주차 | K6: =K5+G6-H6 -> #REF!
A7: 3월 | B7: 1주차 | K7: =K6+G7-H7 -> #REF!
A8: 3월 | B8: 1주차 | K8: =K7+G8-H8 -> #REF!
A9: 3월 | B9: 1주차 | K9: =K8+G9-H9 -> #REF!
A10: 3월 | B10: 1주차 | K10: =K9+G10-H10 -> #REF!
A11: 3월 | B11: 1주차 | K11: =K10+G11-H11 -> #REF!
A12: 3월 | B12: 1주차 | K12: =K11+G12-H12 -> #REF!
A13: 3월 | B13: 1주차 | K13: =K12+G13-H13 -> #REF!
A14: 3월 | B14: 1주차 | K14: =K13+G14-H14 -> #REF!
A15: 3월 | B15: 1주차 | K15: =K14+G15-H15 -> #REF!
A16: 3월 | B16: 1주차 | K16: =K15+G16-H16 -> #REF!
... A47: 3월 | B47: 1주차 | K47: =K46+G47-H47 -> #REF!
K48: =K47+G48-H48 -> #REF!
K49: =K48+G49-H49 -> #REF!
K50: =K49+G50-H50 -> #REF!
K51: =K50+G51-H51 -> #REF!
K52: =K51+G52-H52 -> #REF!
K53: =K52+G53-H53 -> #REF!
K54: =K53+G54-H54 -> #REF!

Sheet 교회학교후원회비
A1: 2026년 교회학교후원회비계정 장부
J2: 단위 : 천원
A3: 지출월 | B3: 주차 | C3: 입금전표& 지출 결의 번호 | D3: 계정코드 | E3: 대분류 계정 항목 | F3: 적요 | G3: 수입금액 | H3: 지출금액 | I3: 수령자 | J3: 비고 | K3: 계정잔액
K4: =#REF!+G4-H4 -> #REF!
K5: =K4+G5-H5 -> #REF!
K6: =K5+G6-H6 -> #REF!
K7: =K6+G7-H7 -> #REF!
K8: =K7+G8-H8 -> #REF!
K9: =K8+G9-H9 -> #REF!
K10: =K9+G10-H10 -> #REF!
K11: =K10+G11-H11 -> #REF!
K12: =K11+G12-H12 -> #REF!
K13: =K12+G13-H13 -> #REF!
K14: =K13+G14-H14 -> #REF!
K15: =K14+G15-H15 -> #REF!
K16: =K15+G16-H16 -> #REF!
... K31: =K30+G31-H31 -> #REF!
A32: 2월 교회학교후원회비 결산 금액 | G32: =SUM(G4:G31) -> 0 | H32: =SUM(H4:H31) -> 0 | I32: 이월금 | J32: =K31 -> #REF!

Sheet 사랑의헌금
A1: 2026년 사랑의헌금계정 장부
A3: 지출월 | B3: 주차 | C3: 입금전표& 지출 결의 번호 | D3: 계정코드 | E3: 대분류 계정 항목 | F3: 적요
K4: =#REF!+G4-H4 -> #REF!
K5: =K4+G5-H5 -> #REF!
K6: =K5+G6-H6 -> #REF!
K7: =K6+G7-H7 -> #REF!
K8: =K7+G8-H8 -> #REF!
K9: =K8+G9-H9 -> #REF!
K10: =K9+G10-H10 -> #REF!
K11: =K10+G11-H11 -> #REF!
K12: =K11+G12-H12 -> #REF!
K13: =K12+G13-H13 -> #REF!
K14: =K13+G14-H14 -> #REF!
K15: =K14+G15-H15 -> #REF!
K16: =K15+G16-H16 -> #REF!
... K18: =K17+G18-H18 -> #REF!
A19: 2월 사랑의헌금 결산 금액 | G19: =SUM(G4:G18) -> 0 | H19: =SUM(H4:H18) -> 0 | I19: 이월금 | J19: =K18 -> #REF!

Sheet 선교회비
A1: 2026년 선교회비(세계선교포함) 계정 장부
J2: 단위 : 천원
A3: 지출월 | B3: 주차 | C3: 입금전표& 지출 결의 번호 | D3: 계정코드 | E3: 대분류 계정 항목 | F3: 적요 | G3: 수입금액 | H3: 지출금액 | I3: 수령자 | J3: 비고 | K3: 계정잔액
A4: 2월 | B4: 1주차 | K4: =#REF!+G4-H4 -> #REF!
A5: 2월 | B5: 1주차 | K5: =K4+G5-H5 -> #REF!
A6: 2월 | B6: 1주차 | K6: =K5+G6-H6 -> #REF!
A7: 2월 | B7: 1주차 | K7: =K6+G7-H7 -> #REF!
A8: 2월 | B8: 1주차 | K8: =K7+G8-H8 -> #REF!
A9: 2월 | B9: 1주차 | K9: =K8+G9-H9 -> #REF!
A10: 2월 | B10: 2주차 | K10: =K9+G10-H10 -> #REF!
A11: 2월 | B11: 2주차 | K11: =K10+G11-H11 -> #REF!
A12: 2월 | B12: 2주차 | K12: =K11+G12-H12 -> #REF!
A13: 2월 | B13: 2주차 | K13: =K12+G13-H13 -> #REF!
A14: 2월 | B14: 2주차 | K14: =K13+G14-H14 -> #REF!
A15: 2월 | B15: 2주차 | K15: =K14+G15-H15 -> #REF!
A16: 2월 | B16: 2주차 | K16: =K15+G16-H16 -> #REF!
... A39: 2월 | B39: 4주차 | K39: =K38+G39-H39 -> #REF!
A40: 2월 선교회비 결산 금액 | G40: =SUM(G4:G39) -> 0 | H40: =SUM(H4:H39) -> 0 | I40: 이월금 | J40: =K39 -> #REF!

Sheet 건축계정
A1: 2026년 건축계정 장부
J2: 단위 : 천원
A3: 지출월 | B3: 주차 | C3: 입금전표& 지출 결의 번호 | D3: 계정코드 | E3: 대분류 계정 항목 | F3: 적요 | G3: 수입금액 | H3: 지출금액 | I3: 수령자 | J3: 비고 | K3: 계정잔액
A4: 2월 | B4: 1주차 | K4: =#REF!+G4-H4 -> #REF!
A5: 2월 | B5: 1주차 | K5: =K4+G5-H5 -> #REF!
A6: 2월 | B6: 1주차 | K6: =K5+G6-H6 -> #REF!
A7: 2월 | B7: 1주차 | K7: =K6+G7-H7 -> #REF!
A8: 2월 | B8: 1주차 | K8: =K7+G8-H8 -> #REF!
A9: 2월 | B9: 1주차 | K9: =K8+G9-H9 -> #REF!
A10: 2월 | B10: 1주차 | K10: =K9+G10-H10 -> #REF!
A11: 2월 | B11: 1주차 | K11: =K10+G11-H11 -> #REF!
A12: 2월 | B12: 1주차 | K12: =K11+G12-H12 -> #REF!
A13: 2월 | B13: 1주차 | K13: =K12+G13-H13 -> #REF!
A14: 2월 | B14: 1주차 | K14: =K13+G14-H14 -> #REF!
A15: 2월 | B15: 1주차 | K15: =K14+G15-H15 -> #REF!
A16: 2월 | B16: 2주차 | K16: =K15+G16-H16 -> #REF!
... A66: 2월 | B66: 4주차 | K66: =K65+G66-H66 -> #REF!
A67: 2월 건축헌금 결산 금액 | G67: =SUM(G4:G66)-390 -> -390 | H67: =SUM(H4:H66)-20 -> -20 | I67: 이월금 | J67: =K66-390 -> #REF!
A68: 3월 | B68: 1주차 | C68: 46082 | D68: 11300 | E68: =VLOOKUP($D68,[1]계정코드!$A$5:$F$270,2,FALSE) -> 건축헌금 | F68: 3월1째주 이체 헌금 | G68: 30 | K68: =K66+G68-H68 -> #REF!
A69: 3월 | B69: 1주차 | C69: 46082 | D69: 11300 | E69: =VLOOKUP($D69,[1]계정코드!$A$5:$F$270,2,FALSE) -> 건축헌금 | F69: 3월1째주 이체 헌금 | G69: 300 | K69: =K68+G69-H69 -> #REF!
A70: 3월 | B70: 1주차 | C70: 수입-20260301-001 | D70: 11300 | E70: =VLOOKUP($D70,[1]계정코드!$A$5:$F$270,2,FALSE) -> 건축헌금 | F70: 3월1째주 헌금(3/1) | G70: 4330 | K70: =K69+G70-H70 -> #REF!
A71: 3월 | B71: 1주차 | C71: 46084 | D71: 11300 | E71: =VLOOKUP($D71,[1]계정코드!$A$5:$F$270,2,FALSE) -> 건축헌금 | F71: 3월1째주 이체 헌금 | G71: 150 | K71: =K70+G71-H71 -> #REF!
A72: 3월 | B72: 1주차 | C72: 46084 | D72: 11300 | E72: =VLOOKUP($D72,[1]계정코드!$A$5:$F$270,2,FALSE) -> 건축헌금 | F72: 3월1째주 이체 헌금 | G72: 200 | K72: =K71+G72-H72 -> #REF!
A73: 3월 | B73: 1주차 | C73: 46084 | D73: 62600 | E73: =VLOOKUP($D73,[1]계정코드!$A$5:$F$270,2,FALSE) -> 건축 | F73: =VLOOKUP($D73,[1]계정코드!$A$5:$F$270,4,FALSE) -> 매입부지 개발 관련 | H73: 200 | J73: 신축공사현장대리인 | K73: =K72+G73-H73 -> #REF!

Sheet 승강기계정
A1: 2026년 승강기 계정 장부
J2: 단위 : 천원
A3: 지출월 | B3: 주차 | C3: 입금전표& 지출 결의 번호 | D3: 계정코드 | E3: 대분류 계정 항목 | F3: 적요 | G3: 수입금액 | H3: 지출금액 | I3: 수령자 | J3: 비고 | K3: 승강기 계좌잔액
A4: 2월 | B4: 1주차 | K4: =#REF!+G4-H4 -> #REF!
A5: 2월 | B5: 1주차 | K5: =K4+G5-H5 -> #REF!
A6: 2월 | B6: 4주차 | K6: =K5+G6-H6 -> #REF!
A7: 2월 | B7: 4주차 | K7: =K6+G7-H7 -> #REF!
A8: 2월 승강기헌금 결산 금액 | G8: =SUM(G4:G7) -> 0 | H8: =SUM(H4:H7) -> 0 | I8: 이월금 | J8: =K7 -> #REF!

Sheet 해외후원
A1: 2026년 해외후원참여헌금 계정 장부
J2: 단위 : 천원
A3: 지출월 | B3: 주차 | C3: 입금전표& 지출 결의 번호 | D3: 계정코드 | E3: 대분류 계정 항목 | F3: 적요 | G3: 수입금액 | H3: 지출금액 | I3: 수령자 | J3: 비고 | K3: 계정잔액
A4: 2월 해외후원 결산 금액 | G4: =SUM(#REF!)-307+390-20 -> #REF! | H4: =SUM(#REF!)-307 -> #REF! | I4: 이월금 | J4: =#REF!+390 -> #REF!
E5: =VLOOKUP($D5,[1]계정코드!$A$5:$F$270,2,FALSE) -> #N/A | F5: =VLOOKUP($D5,[1]계정코드!$A$5:$F$270,4,FALSE) -> #N/A | K5: =#REF!+G5-H5 -> #REF!
E6: =VLOOKUP($D6,[1]계정코드!$A$5:$F$270,2,FALSE) -> #N/A | F6: =VLOOKUP($D6,[1]계정코드!$A$5:$F$270,4,FALSE) -> #N/A | K6: =K5+G6-H6 -> #REF!
E7: =VLOOKUP($D7,[1]계정코드!$A$5:$F$270,2,FALSE) -> #N/A | F7: =VLOOKUP($D7,[1]계정코드!$A$5:$F$270,4,FALSE) -> #N/A | K7: =K6+G7-H7 -> #REF!
E8: =VLOOKUP($D8,[1]계정코드!$A$5:$F$270,2,FALSE) -> #N/A | F8: =VLOOKUP($D8,[1]계정코드!$A$5:$F$270,4,FALSE) -> #N/A | K8: =K7+G8-H8 -> #REF!
E9: =VLOOKUP($D9,[1]계정코드!$A$5:$F$270,2,FALSE) -> #N/A | F9: =VLOOKUP($D9,[1]계정코드!$A$5:$F$270,4,FALSE) -> #N/A | K9: =K8+G9-H9 -> #REF!
E10: =VLOOKUP($D10,[1]계정코드!$A$5:$F$270,2,FALSE) -> #N/A | F10: =VLOOKUP($D10,[1]계정코드!$A$5:$F$270,4,FALSE) -> #N/A | K10: =K9+G10-H10 -> #REF!
E11: =VLOOKUP($D11,[1]계정코드!$A$5:$F$270,2,FALSE) -> #N/A | F11: =VLOOKUP($D11,[1]계정코드!$A$5:$F$270,4,FALSE) -> #N/A | K11: =K10+G11-H11 -> #REF!
E12: =VLOOKUP($D12,[1]계정코드!$A$5:$F$270,2,FALSE) -> #N/A | F12: =VLOOKUP($D12,[1]계정코드!$A$5:$F$270,4,FALSE) -> #N/A | K12: =K11+G12-H12 -> #REF!
E13: =VLOOKUP($D13,[1]계정코드!$A$5:$F$270,2,FALSE) -> #N/A | F13: =VLOOKUP($D13,[1]계정코드!$A$5:$F$270,4,FALSE) -> #N/A | K13: =K12+G13-H13 -> #REF!
E14: =VLOOKUP($D14,[1]계정코드!$A$5:$F$270,2,FALSE) -> #N/A | F14: =VLOOKUP($D14,[1]계정코드!$A$5:$F$270,4,FALSE) -> #N/A | K14: =K13+G14-H14 -> #REF!
E15: =VLOOKUP($D15,[1]계정코드!$A$5:$F$270,2,FALSE) -> #N/A | F15: =VLOOKUP($D15,[1]계정코드!$A$5:$F$270,4,FALSE) -> #N/A | K15: =K14+G15-H15 -> #REF!
E16: =VLOOKUP($D16,[1]계정코드!$A$5:$F$270,2,FALSE) -> #N/A | F16: =VLOOKUP($D16,[1]계정코드!$A$5:$F$270,4,FALSE) -> #N/A | K16: =K15+G16-H16 -> #REF!
E17: =VLOOKUP($D17,[1]계정코드!$A$5:$F$270,2,FALSE) -> #N/A | F17: =VLOOKUP($D17,[1]계정코드!$A$5:$F$270,4,FALSE) -> #N/A | K17: =K16+G17-H17 -> #REF!
... E44: =VLOOKUP($D44,[1]계정코드!$A$5:$F$270,2,FALSE) -> #N/A | F44: =VLOOKUP($D44,[1]계정코드!$A$5:$F$270,4,FALSE) -> #N/A | K44: =K43+G44-H44 -> #REF!

Sheet 국내선교
A1: 2026년 국내선교 계정 장부
J2: 단위 : 천원
A3: 지출월 | B3: 주차 | C3: 입금전표& 지출 결의 번호 | D3: 계정코드 | E3: 대분류 계정 항목 | F3: 적요 | G3: 수입금액 | H3: 지출금액 | I3: 수령자 | J3: 비고 | K3: 계정잔액
A4: 2월 | B4: 4주차 | E4: =VLOOKUP($D4,[1]계정코드!$A$5:$F$270,2,FALSE) -> #N/A | F4: =VLOOKUP($D4,[1]계정코드!$A$5:$F$270,4,FALSE) -> #N/A | K4: =#REF!+G4-H4 -> #REF!
A5: 2월 국내선교 결산 금액 | G5: =SUM(G4) -> 0 | H5: =SUM(H4) -> 0 | I5: 이월금 | J5: =K4 -> #REF!
E6: =VLOOKUP($D6,[1]계정코드!$A$5:$F$270,2,FALSE) -> #N/A | F6: =VLOOKUP($D6,[1]계정코드!$A$5:$F$270,4,FALSE) -> #N/A | K6: =K4+G6-H6 -> #REF!
E7: =VLOOKUP($D7,[1]계정코드!$A$5:$F$270,2,FALSE) -> #N/A | F7: =VLOOKUP($D7,[1]계정코드!$A$5:$F$270,4,FALSE) -> #N/A | K7: =K6+G7-H7 -> #REF!
E8: =VLOOKUP($D8,[1]계정코드!$A$5:$F$270,2,FALSE) -> #N/A | F8: =VLOOKUP($D8,[1]계정코드!$A$5:$F$270,4,FALSE) -> #N/A | K8: =K7+G8-H8 -> #REF!
E9: =VLOOKUP($D9,[1]계정코드!$A$5:$F$270,2,FALSE) -> #N/A | F9: =VLOOKUP($D9,[1]계정코드!$A$5:$F$270,4,FALSE) -> #N/A | K9: =K8+G9-H9 -> #REF!
E10: =VLOOKUP($D10,[1]계정코드!$A$5:$F$270,2,FALSE) -> #N/A | F10: =VLOOKUP($D10,[1]계정코드!$A$5:$F$270,4,FALSE) -> #N/A | K10: =K9+G10-H10 -> #REF!
E11: =VLOOKUP($D11,[1]계정코드!$A$5:$F$270,2,FALSE) -> #N/A | F11: =VLOOKUP($D11,[1]계정코드!$A$5:$F$270,4,FALSE) -> #N/A | K11: =K10+G11-H11 -> #REF!
E12: =VLOOKUP($D12,[1]계정코드!$A$5:$F$270,2,FALSE) -> #N/A | F12: =VLOOKUP($D12,[1]계정코드!$A$5:$F$270,4,FALSE) -> #N/A | K12: =K11+G12-H12 -> #REF!
E13: =VLOOKUP($D13,[1]계정코드!$A$5:$F$270,2,FALSE) -> #N/A | F13: =VLOOKUP($D13,[1]계정코드!$A$5:$F$270,4,FALSE) -> #N/A | K13: =K12+G13-H13 -> #REF!
E14: =VLOOKUP($D14,[1]계정코드!$A$5:$F$270,2,FALSE) -> #N/A | F14: =VLOOKUP($D14,[1]계정코드!$A$5:$F$270,4,FALSE) -> #N/A | K14: =K13+G14-H14 -> #REF!

Sheet 계정코드
A1: ◆ 창원교회 회계 계정코드
A3: 1. 수입 계정 | F3: 작성일 : 2020년 2월 5일
A4: 계정코드 | B4: 대분류계정항목 | C4: 중분류계정항목 | D4: 세부계정항목(예산안) | E4: 계정유형 | F4: 재정구분
A5: 11000 | B5: 십일조 | C5: 십일조 | E5: 헌금 | F5: 일반
A6: 11010 | B6: 십일조 외 | C6: 일반계정헌금 | D6: (십일조,주일, 감사등등 포함) | E6: 헌금 | F6: 일반
A7: 11100 | B7: 감사헌금 | C7: 감사헌금 | E7: 헌금 | F7: 일반
A8: 11200 | B8: 주일헌금 | C8: 주일헌금 | E8: 헌금 | F8: 일반
A9: 11300 | B9: 건축헌금 | C9: 건축헌금 | E9: 목적헌금 | F9: 건축
A10: 11310 | B10: 승강기헌금 | C10: 승강기헌금 | E10: 목적헌금 | F10: 건축
A11: 11400 | B11: 전도집회헌금 | C11: 전도집회헌금 | E11: 헌금 | F11: 일반
A12: 11500 | B12: 기타헌금 | C12: 회별헌금 | E12: 헌금 | F12: 일반
A13: 11510 | B13: 기타헌금 | C13: 회별헌금 | D13: 봉사회 | E13: 헌금 | F13: 일반
A14: 11520 | B14: 기타헌금 | C14: 회별헌금 | D14: 어머니회 | E14: 헌금 | F14: 일반
A15: 11530 | B15: 기타헌금 | C15: 회별헌금 | D15: 은장회 | E15: 헌금 | F15: 일반
A16: 11540 | B16: 기타헌금 | C16: 회별헌금 | D16: 청년회 | E16: 헌금 | F16: 일반
A17: 11550 | B17: 기타헌금 | C17: 회별헌금 | D17: 중고등부 | E17: 헌금 | F17: 일반
A18: 11560 | B18: 기타헌금 | C18: 회별헌금 | D18: 유초등부 | E18: 헌금 | F18: 일반
A19: 11600 | B19: 특별헌금 | C19: 특별헌금 | E19: 헌금 | F19: 일반
A20: 11610 | B20: 특별헌금 | C20: 특별헌금 | D20: 특별선교헌금 | E20: 헌금 | F20: 일반
A21: 11620 | B21: 특별헌금 | C21: 특별헌금 | D21: 특별지원헌금(형제,자매 재정지원) | E21: 헌금 | F21: 일반
A22: 11999 | B22: 기타헌금 | C22: 기타헌금 | E22: 헌금 | F22: 일반
A23: 12000 | B23: 선교회비 | C23: 선교회비 | E23: 목적헌금 | F23: 선교회
A24: 12100 | B24: 세계선교분담금 | C24: 세계선교분담금 | D24: 총회,분담금,퀘존/아르헨티나 | E24: 목적헌금 | F24: 선교회
A25: 12200 | B25: 세계선교헌금 | C25: 세계선교헌금 | D25: 총회 | E25: 목적헌금 | F25: 선교회
A26: 13000 | B26: 교회학교후원회비 | C26: 교회학교후원회비 | E26: 목적헌금 | F26: 후원회
A27: 13010 | B27: 교회학교후원회비 | C27: 교회학교후원회비 | D27: 후원회비 반환금 | E27: 목적헌금 | F27: 후원회
A28: 13020 | B28: 교회학교후원회비 | C28: 교회학교후원회비 | D28: 유초등부 및 중고등부 통합 후원회비 | E28: 수입 | F28: 일반
A29: 14000 | B29: 사랑의헌금 | C29: 사랑의헌금 | E29: 목적헌금 | F29: 사랑의 헌금
A30: 15000 | B30: 해외후원헌금 | C30: 해외후원헌금 | E30: 목적헌금 | F30: 해외후원 | H30: 2023신설
A31: 15100 | B31: 해외후원헌금 | C31: 해외후원헌금 | D31: 해외후원참여헌금 | E31: 목적헌금 | F31: 해외후원 | H31: 2023신설
A32: 15200 | B32: 해외후원헌금 | C32: 해외후원헌금 | D32: 필리핀퀘존권역헌금(김포,고창,세종중부) | E32: 목적헌금 | F32: 해외후원 | H32: 2023신설
A33: 15800 | B33: 해외후원헌금 | C33: 해외후원헌금 | D33: 아르헨티나 선교헌금 | E33: 목적헌금 | F33: 해외후원 | H33: 2024신설
A34: 15900 | B34: 해외후원헌금 | C34: 해외후원헌금 | D34: 기타 | E34: 목적헌금 | F34: 해외후원 | H34: 2023신설
A35: 16100 | B35: 국내선교 | C35: 국내선교헌금 | D35: 국내선교헌금(지역선교) | E35: 목적헌금 | F35: 국내선교 | H35: 2023신설
A36: 23000 | B36: 기타수입 | C36: 차입금 | E36: 부채 | F36: 건축
A37: 23010 | B37: 기타수입 | C37: 차입금 | D37: 차입금(은행) | E37: 부채 | F37: 건축
A38: 23020 | B38: 기타수입 | C38: 차입금 | D38: 차입금(사택담보) | E38: 부채 | F38: 일반
A39: 23030 | B39: 기타수입 | C39: 차입금 | D39: 차입금(은행-마산교회대여용) | E39: 부채 | F39: 건축
A40: 23100 | B40: 기타수입 | C40: 대여금회수 | E40: 자산 | F40: 일반
A41: 23110 | B41: 기타수입 | C41: 대여금회수 | D41: 지역교회(밀양교회)-대여금회수 | E41: 자산 | F41: 일반
A42: 23120 | B42: 기타수입 | C42: 대여금회수 | D42: 지역교회(마산교회)-대여금회수 | E42: 자산 | F42: 일반
A43: 23130 | B43: 기타수입 | C43: 대여금회수 | D43: 일반계정 -> 건축계정으로 상환 | E43: 자산 | F43: 건축
A44: 23140 | B44: 기타수입 | C44: 대여금회수 | D44: 일반계정 -> 사랑의헌금계정으로 상환 | E44: 자산 | F44: 사랑의 헌금
A45: 23150 | B45: 기타수입 | C45: 대여금회수 | D45: 건축계정 -> 일반계정으로 상환 | E45: 자산 | F45: 일반
A46: 23160 | B46: 기타수입 | C46: 대여금회수 | D46: 건축계정 -> 사랑의헌금계정으로 상환 | E46: 자산 | F46: 사랑의 헌금
A47: 23170 | B47: 기타수입 | C47: 대여금회수 | D47: 사랑의헌금계정 -> 일반계정으로 상환 | E47: 자산 | F47: 일반
A48: 23180 | B48: 기타수입 | C48: 대여금회수 | D48: 사랑의헌금계정 -> 건축계정으로 상환 | E48: 자산 | F48: 건축
A49: 23700 | B49: 기타수입 | C49: 전무자퇴직금적립 | D49: 교회직원및전도인 | E49: 자산 | F49: 일반
A50: 24100 | B50: 기타수입 | C50: 방송실수입 | E50: 수입 | F50: 일반
A51: 24200 | B51: 기타수입 | C51: 서적부수입 | E51: 수입 | F51: 일반
A52: 24210 | B52: 기타수입 | C52: 서적부수입 | D52: 달력대금 | E52: 수입 | F52: 일반
A53: 24220 | B53: 기타수입 | C53: 서적부수입 | D53: 다이어리대금 | E53: 수입 | F53: 일반
A54: 24300 | B54: 기타수입 | C54: 미선부수입 | E54: 수입 | F54: 일반
A55: 24310 | B55: 기타수입 | C55: 미선부수입 | D55: 사진촬영 | E55: 수입 | F55: 일반
A56: 24400 | B56: 기타수입 | C56: 자판기판매수입 | E56: 수입 | F56: 일반
A57: 24500 | B57: 기타수입 | C57: 매점수입 | D57: 카페퀘존 | E57: 수입 | F57: 일반
A58: 24600 | B58: 기타수입 | C58: 잡수입 | E58: 수입 | F58: 일반
A59: 24620 | B59: 기타수입 | C59: 회장단식사찬조 | D59: 회장단식사찬조 | E59: 수입 | F59: 일반 | H59: 2022신설
A60: 24700 | B60: 기타수입 | C60: 이자수입 | D60: 은행 | E60: 수입 | F60: 일반
A61: 24710 | B61: 기타수입 | C61: 이자수입 | D61: 은행(일반계정) | E61: 수입 | F61: 일반
A62: 24720 | B62: 기타수입 | C62: 이자수입 | D62: 은행(건축계정) | E62: 수입 | F62: 건축
A63: 24730 | B63: 기타수입 | C63: 이자수입 | D63: 은행(사랑의헌금) | E63: 수입 | F63: 사랑의 헌금
A64: 24800 | B64: 기타수입 | C64: 예비비환입금 | D64: 교회사무실 예비비 (50만원) | E64: 자산 | F64: 일반
A65: 25000 | B65: 기타수입 | C65: 버스차비 | E65: 수입 | F65: 일반
A66: 25010 | B66: 기타수입 | C66: 버스차비 | D66: 교회 | E66: 수입 | F66: 일반
A67: 25020 | B67: 기타수입 | C67: 버스차비 | D67: 청년회 | E67: 수입 | F67: 일반
A68: 25030 | B68: 기타수입 | C68: 버스차비 | D68: 중고등부 | E68: 수입 | F68: 일반
A69: 30000 | B69: 이체오류 | C69: 이체오류수입 | D69: 이체오류 | E69: 수입 | H69: 2024신설
A70: 2. 지출계정 | F70: =F3 -> 작성일 : 2020년 2월 5일
A71: 계정코드 | B71: 대분류계정항목 | C71: 중분류계정항목 | D71: 세부계정항목(예산안) | E71: 계정유형 | F71: 재정구분
A72: 31200 | B72: 총회비 | C72: 총회비 | D72: 총회비 | E72: 지출 | F72: 일반
A73: 31210 | B73: 총회비 | C73: 총회비 | D73: 퇴직 적립금 | E73: 지출 | F73: 일반
A74: 31300 | B74: 선교회비 | C74: 선교회비 | D74: 선교회비 | E74: 지출 | F74: 일반
A75: 31310 | B75: 미디어선교회비 | C75: 미디어선교회비 | D75: 미디어선교회비 | E75: 지출 | F75: 일반
A76: 31500 | B76: 사무&비품 | C76: 사무&비품 | D76: 교회사무실 사무용품 | E76: 지출 | F76: 일반
A77: 31510 | B77: 사무&비품 | C77: 사무&비품 | D77: 교회사무실 집기류 | E77: 지출 | F77: 일반
A78: 31520 | B78: 사무&비품 | C78: 사무&비품 | D78: 교회사무실 비치 의약품 | E78: 지출 | F78: 일반
A79: 31530 | B79: 사무&비품 | C79: 사무&비품 | D79: 손님 접대용 차, 음료류 | E79: 지출 | F79: 일반
A80: 31540 | B80: 사무&비품 | C80: 사무&비품 | D80: 자판기 관리지출 | E80: 지출 | F80: 일반
A81: 31599 | B81: 사무&비품 | C81: 사무&비품 | D81: 교회사무실 잡비 | E81: 지출 | F81: 일반
A82: 31600 | B82: 사무&비품 | C82: 사무&비품 | D82: 우편물 (택배등) - 우편통신비 | E82: 지출 | F82: 일반
A83: 31700 | B83: 사무&비품 | C83: 사무&비품 | D83: 교회사무실 복사기 렌탈비 | E83: 지출 | F83: 일반
... A87: 31800 | B87: 사무&비품 | C87: 사무&비품 | D87: 성도주소록 제작비 | E87: 지출 | F87: 일반
A88: 31900 | B88: 운영비 | C88: 운영비 | E88: 지출 | F88: 일반
A89: 31910 | B89: 운영비 | C89: 운영비 | D89: 전도인전도비 | E89: 지출 | F89: 일반
A90: 31920 | B90: 운영비 | C90: 운영비 | D90: 전무자(관리인) 월급 및 상여금 | E90: 지출 | F90: 일반
A91: 31930 | B91: 운영비 | C91: 운영비 | D91: 전무자(사무실) 월급 및 상여금 | E91: 지출 | F91: 일반
A92: 31940 | B92: 운영비 | C92: 운영비 | D92: 전도인복리후생비(수련회경비,하계휴가비) | E92: 지출 | F92: 일반
A93: 31950 | B93: 운영비 | C93: 운영비 | D93: 전무자복리후생비(하계휴가비) | E93: 지출 | F93: 일반
A94: 31951 | B94: 운영비 | C94: 복리후생비 | D94: 직원 식대비 (점심)/ | E94: 지출 | F94: 일반
A95: 31952 | B95: 운영비 | C95: 복리후생비 | D95: 전도인 상비품 | E95: 지출 | F95: 일반
A96: 31953 | B96: 운영비 | C96: 복리후생비 | D96: 전도인 지원금 | E96: 지출 | F96: 일반
A97: 31960 | B97: 운영비 | C97: 운영비 | D97: 전도인 퇴직전별금 | E97: 지출 | F97: 일반
A98: 31970 | B98: 운영비 | C98: 운영비 | D98: 전무자 퇴직금 | E98: 지출 | F98: 일반
A99: 31980 | B99: 운영비 | C99: 운영비 | D99: 전도인전별금및전무자 퇴직적립금 | E99: 지출 | F99: 일반
A100: 31990 | B100: 운영비 | C100: 운영비 | D100: 담임목사님사택관리비 | E100: 지출 | F100: 일반
A101: 32000 | B101: 공과금 | C101: 공과금
A102: 32010 | B102: 공과금 | C102: 공과금 | D102: 전기요금 | E102: 지출 | F102: 일반
A103: 32020 | B103: 공과금 | C103: 공과금 | D103: 가스요금 | E103: 지출 | F103: 일반
A104: 32030 | B104: 공과금 | C104: 공과금 | D104: 상하수도 요금 | E104: 지출 | F104: 일반
...

Sheet 장부작성시 주의사항
A1: * 장부 작성시 주의 사항
A3: 1. 지정된 코드를 반드시 사용한다.
A4: 2. 새로운 코드 생성은 회계가 정한다. (필요시 회계담당자와 교제)
A5: 3. 적요 부분에서 같은 내용이라면 통일 시킬 것. (예- 주유비/ 주유금액- 같은 내용을 상이하게 하지 말것)
A6: 4. 지출결의번호 생성은 지출시점에 생성한다. (지출결의서 작성 후 시간이 지난 후 지출되면 일자 차이로 인하여 확인 애로사항 발생 추정)
A7: 20-0105-001 (연도-월일-순번)
